s.no.,feedstock,activation,material_type,heat_treatment (celsius),SA (m2/g),TPV (cm3/g),MPV(cm3/g),C%,H%,N%,O%,T (celsius),P (bar),CO2_uptake (mmol/g)
1.0,Wood chip,KOH,Hierarchical,900.0,1281.6,0.71,0.32,69.22,3.99,0.08,26.3,25.0,1.0,2.63
,Wood chip,KOH and CO2,Hierarchical,900.0,1012.6,0.56,0.22,64.83,3.64,0.38,30.77,25.0,1.0,2.59
,Wood chip and chicken manure,KOH,Hierarchical,900.0,1408.8,0.83,0.36,72.41,3.63,0.01,23.59,25.0,1.0,2.92
,Wood chip and chicken manure,KOH and CO2,Hierarchical,900.0,1403.9,0.85,0.33,69.51,4.35,0.76,24.94,25.0,1.0,2.44
2.0,Food waste and wood,KOH,Hierarchical,638.6,841.3,0.36,0.4166600000000002,68.43,0.0,31.09,0.48,25.0,1.0,3.23
,Food waste and wood,KOH and CO2,Hierarchical,637.1,667.4,0.29,0.35985999999999996,61.32,0.0,38.15,0.53,25.0,1.0,2.73
3.0,Spent coffee,K2CO3,Microporous,464.9,645.0,0.26,0.25,70.86,1.71,3.19,14.72,25.0,1.0,3.45
,Spent coffee,K2CO3,Microporous,449.1,750.0,0.3,0.29,83.88,1.63,3.27,5.3,25.0,1.0,3.65
,Spent coffee,K2CO3,Microporous,451.5,1259.0,0.52,0.49,87.56,1.06,1.87,0.23,25.0,1.0,4.33
,Spent coffee,K2CO3,Microporous,466.1,1476.0,0.61,0.6,91.62,0.8,1.67,0.0,25.0,1.0,4.54
,Spent coffee,K2CO3,Microporous,450.3,1692.0,0.71,0.68,94.51,0.58,1.51,0.0,25.0,1.0,4.46
,Spent coffee,K2CO3,Microporous,431.8,2337.0,1.15,0.85,82.66,0.59,1.55,0.0,25.0,1.0,3.78
,Spent coffee,K2CO3,Microporous,380.2,645.0,0.26,0.25,70.86,1.71,3.19,14.72,25.0,0.15,1.43
,Spent coffee,K2CO3,Microporous,443.8,750.0,0.3,0.29,83.88,1.63,3.27,5.3,25.0,0.15,1.46
,Spent coffee,K2CO3,Microporous,453.9,1259.0,0.52,0.49,87.56,1.06,1.87,0.23,25.0,0.15,1.36
,Spent coffee,K2CO3,Microporous,424.6,1476.0,0.61,0.6,91.62,0.8,1.67,0.0,25.0,0.15,1.3
,Spent coffee,K2CO3,Microporous,419.7,1692.0,0.71,0.68,94.51,0.58,1.51,0.0,25.0,0.15,1.2
,Spent coffee,K2CO3,Microporous,438.9,2337.0,1.15,0.85,82.66,0.59,1.55,0.0,25.0,0.15,0.92
4.0,Pine sawdust,KOH,Hierarchical,700.0,1728.66,0.7,0.67,93.4,0.73,0.89,6.79,25.0,1.0,4.21
,Pine sawdust,KOH,Hierarchical,700.0,2279.52,0.99,0.91,96.96,0.18,0.99,4.51,25.0,1.0,3.46
,Pine sawdust,KOH,Hierarchical,700.0,2330.89,1.91,0.98,87.57,0.17,1.3,7.35,25.0,1.0,2.45
5.0,Date,KOH,Hierarchical,500.0,2112.0,0.94,0.86,82.84,2.06,0.75,14.35,25.0,1.0,4.18
,Date,KOH,Hierarchical,500.0,3255.0,1.65,1.29,79.46,1.7,0.04,18.8,25.0,1.0,3.35
,Date,KOH,Hierarchical,500.0,3337.0,2.05,0.54,89.4,1.41,0.16,9.03,25.0,1.0,2.9
,Date,KOH,Hierarchical,800.0,1634.0,0.76,0.56,82.49,2.02,0.82,14.67,25.0,1.0,4.14
,Date,KOH,Hierarchical,800.0,2367.0,1.15,0.83,74.01,1.93,0.67,13.0,25.0,1.0,4.36
,Date,KOH,Hierarchical,800.0,2844.0,1.63,0.89,73.43,2.03,0.67,23.88,25.0,1.0,3.65
6.0,Bee collected pollen,KOH,Microporous,800.0,232.0,0.11,0.09,80.82,1.48,2.34,15.36,25.0,1.0,1.77
,Bee collected pollen,KOH,Microporous,800.0,332.0,0.16,0.12,76.25,0.0,1.89,21.86,25.0,1.0,2.1
,Bee collected pollen,KOH,Microporous,800.0,937.0,0.4,0.38,77.57,0.0,1.54,20.89,25.0,1.0,3.38
,Bee collected pollen,KOH,Microporous,800.0,1214.0,0.53,0.48,79.37,0.0,1.18,19.45,25.0,1.0,3.4
,Bee collected pollen,KOH,Microporous,800.0,1460.0,0.63,0.53,93.1,0.0,0.31,6.59,25.0,1.0,3.42
,Bee collected pollen,KOH,Microporous,800.0,232.0,0.11,0.09,80.82,1.48,2.34,15.36,25.0,0.15,0.98
,Bee collected pollen,KOH,Microporous,800.0,332.0,0.16,0.12,76.25,0.0,1.89,21.86,25.0,0.15,1.04
,Bee collected pollen,KOH,Microporous,800.0,937.0,0.4,0.38,77.57,0.0,1.54,20.89,25.0,0.15,1.18
,Bee collected pollen,KOH,Microporous,800.0,1214.0,0.53,0.48,79.37,0.0,1.18,19.45,25.0,0.15,0.85
,Bee collected pollen,KOH,Microporous,800.0,1460.0,0.63,0.53,93.1,0.0,0.31,6.59,25.0,0.15,0.69
7.0,Biomass tar,Cao/KOH,Hierarchical,396.2,1898.0,1.52,0.43,82.85,0.0,0.0,17.15,25.0,1.0,2.44
,Biomass tar,Cao/KOH,Hierarchical,410.1,1790.0,1.21,0.48,93.76,0.0,0.0,6.24,25.0,1.0,2.71
,Biomass tar,Cao/KOH,Hierarchical,324.8,2424.0,1.38,0.51,95.01,0.0,0.0,4.99,25.0,1.0,2.67
,Biomass tar,Cao/KOH,Hierarchical,335.4,2358.0,1.85,0.49,95.14,0.0,0.0,4.86,25.0,1.0,2.92
,Biomass tar,Cao/KOH,Hierarchical,377.7,1829.0,1.25,0.49,96.75,0.0,0.0,3.25,25.0,1.0,3.13
,Biomass tar,Cao/KOH,Hierarchical,443.5,1684.0,1.43,0.48,95.25,0.0,0.0,4.75,25.0,1.0,2.75
,Biomass tar,Cao/KOH,Hierarchical,442.4,1898.0,1.52,0.43,82.85,0.0,0.0,17.15,25.0,0.15,0.8
,Biomass tar,Cao/KOH,Hierarchical,504.5,1790.0,1.21,0.48,93.76,0.0,0.0,6.24,25.0,0.15,0.74
,Biomass tar,Cao/KOH,Hierarchical,346.7,2424.0,1.38,0.51,95.01,0.0,0.0,4.99,25.0,0.15,0.7
,Biomass tar,Cao/KOH,Hierarchical,350.8,2358.0,1.85,0.49,95.14,0.0,0.0,4.86,25.0,0.15,1.01
,Biomass tar,Cao/KOH,Hierarchical,464.6,1829.0,1.25,0.49,96.75,0.0,0.0,3.25,25.0,0.15,1.2
,Biomass tar,Cao/KOH,Hierarchical,485.0,1684.0,1.43,0.48,95.25,0.0,0.0,4.75,25.0,0.15,0.68
,Biomass tar,Cao/KOH,Hierarchical,338.6,1898.0,1.52,0.43,82.85,0.0,0.0,17.15,0.0,1.0,3.81
,Biomass tar,Cao/KOH,Hierarchical,383.3,1790.0,1.21,0.48,93.76,0.0,0.0,6.24,0.0,1.0,4.4
,Biomass tar,Cao/KOH,Hierarchical,283.1,2424.0,1.38,0.51,95.01,0.0,0.0,4.99,0.0,1.0,4.1
,Biomass tar,Cao/KOH,Hierarchical,280.4,2358.0,1.85,0.49,95.14,0.0,0.0,4.86,0.0,1.0,4.77
,Biomass tar,Cao/KOH,Hierarchical,346.6,1829.0,1.25,0.49,96.75,0.0,0.0,3.25,0.0,1.0,5.03
,Biomass tar,Cao/KOH,Hierarchical,331.9,1684.0,1.43,0.48,95.25,0.0,0.0,4.75,0.0,1.0,4.62
8.0,Flesh by sunflower receptacle and sunflower stalk,KOH,Hierarchical,500.0,3072.0,1.77,0.78,91.02,2.71,0.4,5.87,25.0,1.0,2.78
,Flesh by sunflower receptacle and sunflower stalk,KOH,Hierarchical,500.0,2730.0,1.84,1.12,94.5,0.95,0.8,3.75,25.0,1.0,2.34
,Flesh by sunflower receptacle and sunflower stalk,KOH,Hierarchical,1000.0,654.0,0.46,0.36,77.12,1.08,0.75,21.05,25.0,1.0,3.08
,Flesh by sunflower receptacle and sunflower stalk,KOH,Hierarchical,500.0,3072.0,1.77,0.78,91.02,2.71,0.4,5.87,0.0,1.0,4.09
,Flesh by sunflower receptacle and sunflower stalk,KOH,Hierarchical,500.0,2730.0,1.84,1.12,94.5,0.95,0.8,3.75,0.0,1.0,4.08
,Flesh by sunflower receptacle and sunflower stalk,KOH,Hierarchical,1000.0,654.0,0.46,0.36,77.12,1.08,0.75,21.05,0.0,1.0,4.52
9.0,Biomass tar,KOH,Microporous,467.1,660.0,0.28,0.24,83.48,0.01,3.53,12.98,25.0,1.0,2.94
,Biomass tar,KOH,Microporous,410.4,1076.0,0.44,0.38,84.57,2.94,3.03,9.46,25.0,1.0,4.11
,Biomass tar,KOH,Microporous,462.6,1268.0,0.55,0.5,90.49,0.0,2.12,7.39,25.0,1.0,3.64
,Biomass tar,KOH,Microporous,447.4,1480.0,0.71,0.48,89.42,1.46,2.08,7.04,25.0,1.0,3.31
,Biomass tar,KOH,Microporous,437.1,1161.0,0.38,0.35,88.44,0.01,3.02,8.53,25.0,1.0,3.69
,Biomass tar,KOH,Microporous,461.6,1804.0,0.85,0.66,89.93,0.0,2.0,8.07,25.0,1.0,3.16
,Biomass tar,KOH,Microporous,360.1,1857.0,0.87,0.48,92.01,0.0,1.32,6.67,25.0,1.0,3.06
,Biomass tar,KOH,Microporous,363.6,660.0,0.28,0.24,83.48,0.01,3.53,12.98,25.0,0.15,0.74
,Biomass tar,KOH,Microporous,401.1,1076.0,0.44,0.38,84.57,2.94,3.03,9.46,25.0,0.15,1.64
,Biomass tar,KOH,Microporous,418.8,1268.0,0.55,0.5,90.49,0.0,2.12,7.39,25.0,0.15,1.22
,Biomass tar,KOH,Microporous,409.0,1480.0,0.71,0.48,89.42,1.46,2.08,7.04,25.0,0.15,1.52
,Biomass tar,KOH,Microporous,384.8,1161.0,0.38,0.35,88.44,0.01,3.02,8.53,25.0,0.15,1.38
,Biomass tar,KOH,Microporous,382.5,1804.0,0.85,0.66,89.93,0.0,2.0,8.07,25.0,0.15,0.96
,Biomass tar,KOH,Microporous,343.7,1857.0,0.87,0.48,92.01,0.0,1.32,6.67,25.0,0.15,0.92
,Biomass tar,KOH,Microporous,346.4,660.0,0.28,0.24,83.48,0.01,3.53,12.98,0.0,1.0,4.22
,Biomass tar,KOH,Microporous,333.9,1076.0,0.44,0.38,84.57,2.94,3.03,9.46,0.0,1.0,6.02
,Biomass tar,KOH,Microporous,384.8,1268.0,0.55,0.5,90.49,0.0,2.12,7.39,0.0,1.0,5.43
,Biomass tar,KOH,Microporous,351.1,1480.0,0.71,0.48,89.42,1.46,2.08,7.04,0.0,1.0,5.41
,Biomass tar,KOH,Microporous,337.8,1161.0,0.38,0.35,88.44,0.01,3.02,8.53,0.0,1.0,5.82
,Biomass tar,KOH,Microporous,379.8,1804.0,0.85,0.66,89.93,0.0,2.0,8.07,0.0,1.0,5.2
,Biomass tar,KOH,Microporous,317.9,1857.0,0.87,0.48,92.01,0.0,1.32,6.67,0.0,1.0,5.04
10.0,Banana stems and fiber,,Microporous,700.0,909.0,0.44,0.32,79.5,1.5,0.0,19.0,25.0,1.0,3.2
,Banana stems and fiber,,Microporous,700.0,1260.0,0.81,0.56,84.0,2.0,0.0,14.0,25.0,1.0,5.0
,Banana stems and fiber,,Microporous,700.0,909.0,0.44,0.32,79.5,1.5,0.0,19.0,0.0,1.0,5.3
,Banana stems and fiber,,Microporous,700.0,1260.0,0.81,0.56,84.0,2.0,0.0,14.0,0.0,1.0,7.1
11.0,Cellulose fiber and wood,Steam,Microporous,523.2,473.0,0.2,0.17,88.4,2.2,0.0,9.4,25.0,1.01,1.72
,Cellulose fiber and wood,Steam,Microporous,528.6,593.0,0.25,0.21,83.7,0.6,0.0,15.7,25.0,1.01,2.33
,Cellulose fiber and wood,Steam,Microporous,597.8,217.0,0.12,0.13,89.6,2.6,1.0,6.8,25.0,1.01,1.12
,Cellulose fiber and wood,Steam,Microporous,485.7,473.0,0.2,0.17,88.4,2.2,0.0,9.4,25.0,0.15,0.7
,Cellulose fiber and wood,Steam,Microporous,524.9,593.0,0.25,0.21,83.7,0.6,0.0,15.7,25.0,0.15,0.9
,Cellulose fiber and wood,Steam,Microporous,490.5,217.0,0.12,0.13,89.6,2.6,1.0,6.8,25.0,0.15,0.5
12.0,Corn stover,KOH,Microporous,250.0,955.0,0.43,0.31,57.46,3.37,0.66,38.51,0.0,1.0,4.93
,Corn stover,KOH,Microporous,250.0,1539.0,0.72,0.48,59.2,3.7,0.34,36.76,0.0,1.0,6.8
,Corn stover,KOH,Microporous,250.0,2442.0,1.56,0.86,60.41,3.91,0.24,35.44,0.0,1.0,7.14
,Corn stover,KOH,Microporous,250.0,2225.0,1.11,0.49,64.9,3.12,0.24,31.74,0.0,1.0,5.79
,Corn stover,KOH,Microporous,250.0,1543.0,0.71,0.61,66.56,2.99,0.86,29.59,0.0,1.0,5.06
,Corn stover,KOH,Microporous,250.0,2201.0,1.31,0.69,56.55,3.03,0.31,40.11,0.0,1.0,6.22
,Corn stover,KOH,Microporous,250.0,2170.0,1.27,0.66,54.94,2.19,0.32,42.55,0.0,1.0,4.86
,Corn stover,KOH,Microporous,250.0,1630.0,0.69,0.6,76.91,2.73,0.2,20.16,0.0,1.0,6.47
,Corn stover,KOH,Microporous,250.0,2132.0,1.13,0.7,59.22,3.88,0.23,36.67,0.0,1.0,6.85
,Corn stover,KOH,Microporous,250.0,1862.0,0.81,0.69,58.22,3.79,0.22,37.77,0.0,1.0,6.32
13.0,Lotus stem,KOH,Hierarchical,180.0,2091.0,0.87,0.65,90.49,0.0,0.0,9.51,25.0,1.0,3.85
,Lotus stem,KOH,Hierarchical,180.0,2893.0,1.59,0.7,88.8,0.0,0.0,11.2,25.0,1.0,2.84
,Lotus stem,KOH,Hierarchical,180.0,2091.0,0.87,0.65,90.49,0.0,0.0,9.51,0.0,1.0,6.17
,Lotus stem,KOH,Hierarchical,180.0,2893.0,1.59,0.7,88.8,0.0,0.0,11.2,0.0,1.0,4.61
14.0,Sawdust,KOH,Microporous,400.0,1511.0,0.65,0.54,78.2,1.9,0.0,19.9,25.0,1.0,4.3
,Sawdust,KOH,Microporous,400.0,1830.0,0.78,0.67,83.4,0.9,0.0,15.7,25.0,1.0,4.9
,Sawdust,KOH,Microporous,400.0,2163.0,0.93,0.74,88.1,0.4,0.0,11.5,25.0,1.0,4.7
,Sawdust,KOH,Microporous,400.0,2610.0,1.15,0.74,88.7,0.4,0.0,10.9,25.0,1.0,4.0
,Sawdust,KOH,Microporous,400.0,1511.0,0.65,0.54,78.2,1.9,0.0,19.9,25.0,0.15,1.2
,Sawdust,KOH,Microporous,400.0,1830.0,0.78,0.67,83.4,0.9,0.0,15.7,25.0,0.15,1.1
,Sawdust,KOH,Microporous,400.0,2163.0,0.93,0.74,88.1,0.4,0.0,11.5,25.0,0.15,1.1
,Sawdust,KOH,Microporous,400.0,2610.0,1.15,0.74,88.7,0.4,0.0,10.9,25.0,0.15,0.9
15.0,Vine shoot,CO2 and KOH,Microporous,600.0,2.48,0.02450000000000001,0.10810000000000003,47.1,5.29,0.66,46.39,0.0,1.01,2.18
,Vine shoot,CO2 and KOH,Microporous,600.0,46.3,0.027200000000000012,0.10960000000000003,47.1,5.29,0.66,46.39,0.0,1.01,2.21
,Vine shoot,CO2 and KOH,Microporous,600.0,374.0,0.19,0.11,47.1,5.29,0.66,46.39,0.0,1.01,3.45
,Vine shoot,CO2 and KOH,Microporous,600.0,538.0,0.24,0.18,47.1,5.29,0.66,46.39,0.0,1.01,3.19
,Vine shoot,CO2 and KOH,Microporous,600.0,1032.0,0.49,0.35,47.1,5.29,0.66,46.39,0.0,1.01,4.38
,Vine shoot,CO2 and KOH,Microporous,600.0,864.0,0.41,0.28,47.1,5.29,0.66,46.39,0.0,1.01,3.74
,Vine shoot,CO2 and KOH,Microporous,600.0,1439.0,0.67,0.49,47.1,5.29,0.66,46.39,0.0,1.01,6.08
,Vine shoot,CO2 and KOH,Microporous,600.0,704.0,0.29,0.24,47.1,5.29,0.66,46.39,0.0,1.01,4.16
,Vine shoot,CO2 and KOH,Microporous,600.0,1101.0,0.54,0.38,47.1,5.29,0.66,46.39,0.0,1.01,5.36
,Vine shoot,CO2 and KOH,Microporous,600.0,1305.0,0.53,0.45,47.1,5.29,0.66,46.39,0.0,1.01,6.04
,Vine shoot,CO2 and KOH,Microporous,600.0,1671.0,0.67,0.59,47.1,5.29,0.66,46.39,0.0,1.01,5.4
,Vine shoot,CO2 and KOH,Microporous,600.0,2.48,0.02450000000000001,0.11140000000000004,47.1,5.29,0.66,46.39,0.0,0.15,1.18
,Vine shoot,CO2 and KOH,Microporous,600.0,46.3,0.027200000000000012,0.11290000000000004,47.1,5.29,0.66,46.39,0.0,0.15,1.2
,Vine shoot,CO2 and KOH,Microporous,600.0,374.0,0.19,0.11,47.1,5.29,0.66,46.39,0.0,0.15,1.68
,Vine shoot,CO2 and KOH,Microporous,600.0,538.0,0.24,0.18,47.1,5.29,0.66,46.39,0.0,0.15,1.76
,Vine shoot,CO2 and KOH,Microporous,600.0,1032.0,0.49,0.35,47.1,5.29,0.66,46.39,0.0,0.15,1.92
,Vine shoot,CO2 and KOH,Microporous,600.0,864.0,0.41,0.28,47.1,5.29,0.66,46.39,0.0,0.15,1.78
,Vine shoot,CO2 and KOH,Microporous,600.0,1439.0,0.67,0.49,47.1,5.29,0.66,46.39,0.0,0.15,2.27
,Vine shoot,CO2 and KOH,Microporous,600.0,704.0,0.29,0.24,47.1,5.29,0.66,46.39,0.0,0.15,2.16
,Vine shoot,CO2 and KOH,Microporous,600.0,1101.0,0.54,0.38,47.1,5.29,0.66,46.39,0.0,0.15,2.42
,Vine shoot,CO2 and KOH,Microporous,600.0,1305.0,0.53,0.45,47.1,5.29,0.66,46.39,0.0,0.15,2.25
,Vine shoot,CO2 and KOH,Microporous,600.0,1671.0,0.67,0.59,47.1,5.29,0.66,46.39,0.0,0.15,2.25
16.0,Arundo donax stem,KOH,Microporous,483.5,637.0,0.35,0.25,84.2,0.0,0.76,15.04,0.0,1.0,4.0
,Arundo donax stem,KOH,Microporous,500.6,1122.0,0.59,0.5,84.7,0.0,0.87,14.43,0.0,1.0,6.3
,Arundo donax stem,KOH,Microporous,466.4,849.0,0.5,0.31,54.9,0.0,0.53,44.57,0.0,1.0,3.7
17.0,Black locust,Steam and KOH,Hierarchical,650.0,1175.0,0.55,0.49,83.43,1.52,0.0,15.05,25.0,1.0,1.85
,Black locust,Steam and KOH,Hierarchical,650.0,2064.0,0.98,0.87,74.36,1.15,0.0,24.49,25.0,1.0,3.75
,Black locust,Steam and KOH,Hierarchical,650.0,1175.0,0.55,0.49,83.43,1.52,0.0,15.05,0.0,1.0,2.79
,Black locust,Steam and KOH,Hierarchical,650.0,2064.0,0.98,0.87,74.36,1.15,0.0,24.49,0.0,1.0,5.86
,Black locust,Steam and KOH,Hierarchical,650.0,1175.0,0.55,0.49,83.43,1.52,0.0,15.05,25.0,0.15,0.75
,Black locust,Steam and KOH,Hierarchical,650.0,2064.0,0.98,0.87,74.36,1.15,0.0,24.49,25.0,0.15,1.21
,Black locust,Steam and KOH,Hierarchical,650.0,1175.0,0.55,0.49,83.43,1.52,0.0,15.05,0.0,0.15,1.42
,Black locust,Steam and KOH,Hierarchical,650.0,2064.0,0.98,0.87,74.36,1.15,0.0,24.49,0.0,0.15,2.43
18.0,Empty fruit bunch,KOH,Microporous,250.0,1163.0,0.23,0.1,77.3,3.5,2.0,13.3,25.0,1.01,0.66
,Empty fruit bunch,KOH,Microporous,250.0,2239.0,0.88,0.19,83.5,2.6,2.7,11.3,25.0,1.01,0.85
,Empty fruit bunch,KOH,Microporous,250.0,1720.0,0.56,0.15,85.9,2.2,3.1,8.8,25.0,1.01,2.81
,Empty fruit bunch,KOH,Microporous,250.0,1322.0,0.78,0.23,80.9,2.9,2.4,13.3,25.0,1.01,3.4
,Empty fruit bunch,KOH,Microporous,250.0,2510.0,1.05,0.55,84.6,1.9,2.4,11.1,25.0,1.01,3.71
,Empty fruit bunch,KOH,Microporous,250.0,2100.0,0.78,0.29,87.8,1.7,3.5,7.0,25.0,1.01,2.18
19.0,Gelatin and starch,KOH,Hierarchical,450.0,1714.0,0.83,0.6691000000000004,75.9,2.17,0.65,12.76,25.0,1.0,3.28
,Gelatin and starch,KOH,Hierarchical,450.0,1636.0,0.51,0.62914,71.4,3.75,3.0,21.12,25.0,1.0,3.84
,Gelatin and starch,KOH,Hierarchical,450.0,1957.0,0.79,0.6989100000000001,71.2,1.97,1.97,19.57,25.0,1.0,3.45
,Gelatin and starch,KOH,Hierarchical,450.0,1294.0,0.63,0.45629999999999976,74.48,2.24,2.42,16.6,25.0,1.0,3.3
,Gelatin and starch,KOH,Hierarchical,450.0,714.0,0.4,0.3008999999999997,70.85,2.43,2.43,18.9,25.0,1.0,2.81
20.0,Rice husk,KOH,Microporous,520.0,774.0,0.41,0.3,74.2,2.2,0.75,22.85,25.0,1.0,3.53
,Rice husk,KOH,Microporous,520.0,1041.0,0.53,0.42,76.1,1.9,0.48,21.52,25.0,1.0,4.16
,Rice husk,KOH,Microporous,520.0,1199.0,0.6,0.48,72.0,1.5,0.36,26.14,25.0,1.0,3.87
,Rice husk,KOH,Microporous,520.0,2695.0,1.14,1.11,82.7,1.8,0.45,15.05,25.0,1.0,3.71
,Rice husk,KOH,Microporous,520.0,774.0,0.41,0.3,74.2,2.2,0.75,22.85,25.0,0.15,1.51
,Rice husk,KOH,Microporous,520.0,1041.0,0.53,0.42,76.1,1.9,0.48,21.52,25.0,0.15,1.55
,Rice husk,KOH,Microporous,520.0,1199.0,0.6,0.48,72.0,1.5,0.36,26.14,25.0,0.15,1.28
,Rice husk,KOH,Microporous,520.0,2695.0,1.14,1.11,82.7,1.8,0.45,15.05,25.0,0.15,0.92
,Rice husk,KOH,Microporous,520.0,774.0,0.41,0.3,74.2,2.2,0.75,22.85,25.0,0.1,1.24
,Rice husk,KOH,Microporous,520.0,1041.0,0.53,0.42,76.1,1.9,0.48,21.52,25.0,0.1,1.21
,Rice husk,KOH,Microporous,520.0,1199.0,0.6,0.48,72.0,1.5,0.36,26.14,25.0,0.1,1.01
,Rice husk,KOH,Microporous,520.0,2695.0,1.14,1.11,82.7,1.8,0.45,15.05,25.0,0.1,0.69
,Rice husk,KOH,Microporous,520.0,774.0,0.41,0.3,74.2,2.2,0.75,22.85,0.0,1.0,4.88
,Rice husk,KOH,Microporous,520.0,1041.0,0.53,0.42,76.1,1.9,0.48,21.52,0.0,1.0,5.63
,Rice husk,KOH,Microporous,520.0,1199.0,0.6,0.48,72.0,1.5,0.36,26.14,0.0,1.0,6.02
,Rice husk,KOH,Microporous,520.0,2695.0,1.14,1.11,82.7,1.8,0.45,15.05,0.0,1.0,6.24
21.0,Peanut shell,KOH,Hierarchical,550.0,1713.0,0.73,0.73,88.0,1.1,0.98,9.92,25.0,1.0,4.41
,Peanut shell,KOH,Hierarchical,550.0,1893.0,0.79,0.78,89.7,0.8,0.79,8.71,25.0,1.0,4.22
,Peanut shell,KOH,Hierarchical,550.0,1871.0,0.8,0.79,90.5,0.6,0.6,8.3,25.0,1.0,3.92
,Peanut shell,KOH,Hierarchical,550.0,1713.0,0.73,0.73,88.0,1.1,0.98,9.92,0.0,1.0,7.25
,Peanut shell,KOH,Hierarchical,550.0,1893.0,0.79,0.78,89.7,0.8,0.79,8.71,0.0,1.0,7.12
,Peanut shell,KOH,Hierarchical,550.0,1871.0,0.8,0.79,90.5,0.6,0.6,8.3,0.0,1.0,6.79
22.0,Pine nut shell,KOH,Microporous,500.0,1486.0,0.64,0.5895200000000002,66.2,2.6,0.1,22.6,25.0,1.0,5.0
23.0,Macadamia nut shell,CO2,Microporous,550.0,469.0,0.23659999999999992,0.18650000000000003,57.5,5.95,0.33,36.2,25.0,1.01,3.07
,Macadamia nut shell,CO2,Microporous,550.0,489.0,0.23829999999999987,0.18909999999999996,57.5,5.95,0.33,36.2,25.0,1.01,3.3
,Macadamia nut shell,CO2,Microporous,550.0,606.0,0.31249999999999983,0.23959999999999998,57.5,5.95,0.33,36.2,25.0,1.01,3.4
,Macadamia nut shell,CO2,Microporous,550.0,425.0,0.23130000000000003,0.17670000000000005,57.5,5.95,0.33,36.2,25.0,1.01,2.8
,Macadamia nut shell,CO2,Microporous,550.0,514.0,0.24519999999999986,0.19089999999999996,57.5,5.95,0.33,36.2,25.0,1.01,3.25
,Macadamia nut shell,CO2,Microporous,550.0,605.0,0.31539999999999985,0.24549999999999997,57.5,5.95,0.33,36.2,25.0,1.01,3.45
,Macadamia nut shell,CO2,Microporous,550.0,441.0,0.2322,0.1769,57.5,5.95,0.33,36.2,25.0,1.01,2.99
,Macadamia nut shell,CO2,Microporous,550.0,512.0,0.24509999999999985,0.19069999999999998,57.5,5.95,0.33,36.2,25.0,1.01,3.37
,Macadamia nut shell,CO2,Microporous,550.0,573.0,0.28949999999999976,0.22749999999999995,57.5,5.95,0.33,36.2,25.0,1.01,3.48
,Macadamia nut shell,CO2,Microporous,550.0,434.0,0.2321,0.17750000000000005,57.5,5.95,0.33,36.2,25.0,1.01,3.01
,Macadamia nut shell,CO2,Microporous,550.0,524.0,0.24909999999999985,0.19239999999999996,57.5,5.95,0.33,36.2,25.0,1.01,3.42
,Macadamia nut shell,CO2,Microporous,550.0,633.0,0.3307999999999998,0.26549999999999996,57.5,5.95,0.33,36.2,25.0,1.01,3.73
24.0,Agar,Zn(NO3)2,Hierarchical,500.0,671.0,0.43,0.26959999999999984,86.73,0.0,2.72,10.55,25.0,1.0,2.3
,Agar,Zn(NO3)2,Hierarchical,500.0,886.0,0.57,0.33849999999999997,87.7,0.0,2.28,10.02,25.0,1.0,2.6
,Agar,Zn(NO3)2,Hierarchical,500.0,1033.0,0.69,0.43460000000000015,87.71,0.0,2.58,9.71,25.0,1.0,2.4
,Agar,Zn(NO3)2,Hierarchical,500.0,858.0,0.57,0.3290999999999999,90.01,0.0,2.7,7.29,25.0,1.0,2.5
,Agar,Zn(NO3)2,Hierarchical,500.0,1142.0,0.85,0.4238999999999999,92.5,0.0,0.85,6.65,25.0,1.0,2.5
,Agar,Zn(NO3)2,Hierarchical,500.0,1316.0,1.14,0.4483999999999998,93.18,0.0,1.14,5.68,25.0,1.0,2.5
25.0,Hazelnut shell,NaNH2,Microporous,500.0,502.0,0.22,0.16409999999999994,85.21,5.87,2.74,6.18,25.0,1.0,2.24
,Hazelnut shell,NaNH2,Microporous,500.0,1991.0,0.88,0.8000499999999999,87.21,5.03,2.94,4.82,25.0,1.0,3.72
,Hazelnut shell,NaNH2,Microporous,500.0,1833.0,0.8,0.6856100000000002,86.24,5.31,3.21,5.24,25.0,1.0,3.39
,Hazelnut shell,NaNH2,Microporous,500.0,1099.0,0.45,0.3965000000000003,86.32,5.99,2.53,5.16,25.0,1.0,4.32
,Hazelnut shell,NaNH2,Microporous,500.0,1821.0,0.79,0.6732100000000003,86.74,5.87,2.75,4.64,25.0,1.0,3.5
,Hazelnut shell,NaNH2,Microporous,500.0,2185.0,0.99,0.8370399999999993,87.02,6.01,2.97,4.0,25.0,1.0,3.48
,Hazelnut shell,NaNH2,Microporous,500.0,1343.0,0.55,0.4738,87.65,5.24,1.98,5.13,25.0,1.0,3.94
,Hazelnut shell,NaNH2,Microporous,500.0,2318.0,1.03,0.8765799999999995,88.34,5.87,2.14,3.65,25.0,1.0,3.52
,Hazelnut shell,NaNH2,Microporous,500.0,2321.0,1.11,0.8594399999999994,88.21,5.21,2.3,4.28,25.0,1.0,3.38
26.0,Walnut shell powder,KOH,Hierarchical,473.5,1636.0,0.74,0.68,54.0,3.75,2.69,39.56,25.0,1.0,2.86
,Walnut shell powder,KOH,Hierarchical,455.0,2354.0,1.26,0.97,75.38,1.3,0.86,22.46,25.0,1.0,3.08
,Walnut shell powder,KOH,Hierarchical,433.4,759.0,0.44,0.33,51.21,1.96,4.45,42.38,25.0,1.0,2.32
,Walnut shell powder,KOH,Hierarchical,476.0,1606.0,0.97,0.78,71.19,2.88,4.02,21.91,25.0,1.0,1.92
,Walnut shell powder,KOH,Hierarchical,502.0,1741.0,0.86,0.8,64.43,3.21,2.2,30.16,25.0,1.0,2.74
,Walnut shell powder,KOH,Hierarchical,473.5,1636.0,0.74,0.68,54.0,3.75,2.69,39.56,25.0,1.0,2.86
,Walnut shell powder,KOH,Hierarchical,476.3,2251.0,1.21,1.03,70.44,1.62,0.94,27.0,25.0,1.0,2.54
,Walnut shell powder,KOH,Hierarchical,367.5,3079.0,1.84,1.18,80.49,1.2,2.08,16.23,25.0,1.0,2.53
,Walnut shell powder,KOH,Hierarchical,450.5,2354.0,1.26,0.97,75.38,1.3,0.86,22.46,25.0,1.0,3.04
,Walnut shell powder,KOH,Hierarchical,431.4,2556.0,1.9,0.96,81.84,1.75,0.76,15.65,25.0,1.0,2.27
,Walnut shell powder,KOH,Hierarchical,489.4,1000.0,0.68,0.53,51.67,1.75,1.57,45.01,25.0,1.0,2.37
,Walnut shell powder,KOH,Hierarchical,466.2,759.0,0.44,0.33,51.21,1.96,4.45,42.38,0.0,1.0,3.3
,Walnut shell powder,KOH,Hierarchical,395.1,1606.0,0.97,0.78,71.19,2.88,4.02,21.91,0.0,1.0,2.9
,Walnut shell powder,KOH,Hierarchical,454.9,1741.0,0.86,0.8,64.43,3.21,2.2,30.16,0.0,1.0,4.73
,Walnut shell powder,KOH,Hierarchical,461.4,1636.0,0.74,0.68,54.0,3.75,2.69,39.56,0.0,1.0,5.0
,Walnut shell powder,KOH,Hierarchical,456.0,2251.0,1.21,1.03,70.44,1.62,0.94,27.0,0.0,1.0,4.2
,Walnut shell powder,KOH,Hierarchical,319.8,3079.0,1.84,1.18,80.49,1.2,2.08,16.23,0.0,1.0,3.35
,Walnut shell powder,KOH,Hierarchical,473.1,2354.0,1.26,0.97,75.38,1.3,0.86,22.46,0.0,1.0,5.13
,Walnut shell powder,KOH,Hierarchical,417.7,2556.0,1.9,0.96,81.84,1.75,0.76,15.65,0.0,1.0,3.35
,Walnut shell powder,KOH,Hierarchical,506.0,1000.0,0.68,0.53,51.67,1.75,1.57,45.01,0.0,1.0,2.57
27.0,Walnut shell,KOH,Hierarchical,429.0,1636.0,0.74,0.68,54.0,3.75,2.69,39.56,25.0,0.15,0.67
,Walnut shell,KOH,Hierarchical,452.8,2354.0,1.26,0.97,75.38,1.3,0.86,22.46,25.0,0.15,0.64
,Walnut shell,KOH,Hierarchical,444.8,1144.0,0.64,0.48,68.18,1.57,4.8,25.45,25.0,1.0,2.1
,Walnut shell,KOH,Hierarchical,471.2,1813.0,1.05,0.7,80.95,0.79,1.0,17.26,25.0,1.0,2.14
,Walnut shell,KOH,Hierarchical,409.5,273.0,0.19,0.13,46.52,1.55,9.32,42.61,25.0,1.0,1.78
,Walnut shell,KOH,Hierarchical,410.7,481.0,0.27,0.24,52.01,1.92,8.75,37.32,25.0,1.0,1.83
,Walnut shell,KOH,Hierarchical,478.8,1144.0,0.64,0.48,68.18,1.57,4.8,25.45,25.0,0.15,0.36
,Walnut shell,KOH,Hierarchical,382.2,1813.0,1.05,0.7,80.95,0.79,1.0,17.26,25.0,0.15,0.38
,Walnut shell,KOH,Hierarchical,502.0,273.0,0.19,0.13,46.52,1.55,9.32,42.61,25.0,0.15,0.69
,Walnut shell,KOH,Hierarchical,469.0,481.0,0.27,0.24,52.01,1.92,8.75,37.32,25.0,0.15,0.67
28.0,Oil residue,NaNH2,Hierarchical,500.0,660.0,0.42,0.33,57.89,2.71,4.31,35.09,25.0,1.0,2.04
,Oil residue,NaNH2,Hierarchical,500.0,846.0,0.94,0.4,56.5,2.52,4.59,36.39,25.0,1.0,2.11
,Oil residue,NaNH2,Hierarchical,500.0,1176.0,0.72,0.57,60.87,3.01,5.83,30.29,25.0,1.0,2.19
,Oil residue,NaNH2,Hierarchical,500.0,2113.0,1.24,0.94,61.07,1.98,6.9,30.05,25.0,1.0,3.51
,Oil residue,NaNH2,Hierarchical,500.0,1508.0,0.94,0.68,62.98,2.1,6.02,28.9,25.0,1.0,3.42
,Oil residue,NaNH2,Hierarchical,500.0,2148.0,1.32,0.94,64.49,1.7,5.57,28.24,25.0,1.0,2.98
29.0,Glucose biomass,CO2,Microporous,80.0,748.0,0.47,0.27,83.84,0.04,1.1,15.02,25.0,1.0,2.55
,Glucose biomass,CO2,Microporous,80.0,697.0,0.46,0.25,75.15,0.05,6.5,18.3,25.0,1.0,2.92
,Glucose biomass,CO2,Microporous,80.0,581.0,0.35,0.21,67.78,1.14,11.48,19.5,25.0,1.0,3.03
30.0,Shell of tea seed,KOH,Microporous,700.0,1065.0,0.47,0.39,59.43,1.24,2.43,36.9,25.0,1.0,2.69
,Shell of tea seed,KOH,Microporous,700.0,1188.0,0.52,0.44,66.21,0.94,3.41,29.44,25.0,1.0,2.75
,Shell of tea seed,KOH,Microporous,700.0,1055.0,0.46,0.39,61.47,1.16,3.45,33.92,25.0,1.0,2.44
,Shell of tea seed,KOH,Microporous,700.0,706.0,0.33,0.25,48.26,1.77,3.39,46.58,25.0,1.0,1.95
31.0,Water chestnut shell,KOH,Hierarchical,500.0,669.0,0.31,0.27159999999999984,71.42,3.06,3.05,22.47,25.0,1.0,3.29
,Water chestnut shell,KOH,Hierarchical,500.0,1450.0,0.61,0.5688600000000001,73.24,2.99,3.26,20.51,25.0,1.0,3.63
,Water chestnut shell,KOH,Hierarchical,500.0,1310.0,0.65,0.4619,74.25,3.01,3.58,19.16,25.0,1.0,3.18
,Water chestnut shell,KOH,Hierarchical,500.0,1036.0,0.44,0.38470000000000026,76.21,3.01,2.73,18.05,25.0,1.0,4.06
,Water chestnut shell,KOH,Hierarchical,500.0,2412.0,1.14,0.8538399999999998,75.2,2.75,3.14,18.91,25.0,1.0,4.04
,Water chestnut shell,KOH,Hierarchical,500.0,2596.0,1.42,0.9954599999999997,73.58,2.8,3.35,20.27,25.0,1.0,3.59
,Water chestnut shell,KOH,Hierarchical,500.0,1416.0,0.58,0.5507000000000002,77.43,2.42,2.42,17.73,25.0,1.0,4.5
,Water chestnut shell,KOH,Hierarchical,500.0,2615.0,1.38,0.9746799999999998,76.52,2.53,2.68,18.27,25.0,1.0,3.6
,Water chestnut shell,KOH,Hierarchical,500.0,2446.0,1.59,0.9095099999999998,76.03,2.86,3.12,17.99,25.0,1.0,3.39
32.0,Poplar catkins,ZnCl2,Hierarchical,400.0,1361.9,0.58,0.46,87.23,1.62,1.89,9.26,25.0,1.0,3.55
,Poplar catkins,ZnCl2,Hierarchical,400.0,1005.4,0.41,0.34,87.42,1.32,2.37,8.89,25.0,1.0,3.75
,Poplar catkins,ZnCl2,Hierarchical,400.0,1455.1,0.68,0.47,88.57,0.89,2.89,7.65,25.0,1.0,4.05
,Poplar catkins,ZnCl2,Hierarchical,400.0,1248.7,0.5,0.41,89.74,0.78,2.16,7.32,25.0,1.0,2.62
,Poplar catkins,ZnCl2,Hierarchical,400.0,1272.4,0.55,0.43,89.23,0.82,2.09,7.86,25.0,1.0,3.35
33.0,Walnut shell,NaNH2,Hierarchical,500.0,419.0,0.25,0.19,54.24,3.37,3.79,38.6,25.0,1.0,1.93
,Walnut shell,NaNH2,Hierarchical,500.0,589.0,0.34,0.27,63.53,4.38,7.24,24.85,25.0,1.0,2.53
,Walnut shell,NaNH2,Hierarchical,500.0,802.0,0.47,0.37,57.6,3.45,1.52,37.43,25.0,1.0,1.96
,Walnut shell,NaNH2,Hierarchical,500.0,516.0,0.28,0.2,52.55,3.35,3.52,40.58,25.0,1.0,1.7
,Walnut shell,NaNH2,Hierarchical,500.0,1687.0,0.94,0.77,72.63,3.18,1.89,22.3,25.0,1.0,3.06
,Walnut shell,NaNH2,Hierarchical,500.0,1721.0,0.92,0.75,61.53,1.45,2.54,34.48,25.0,1.0,2.15
,Walnut shell,NaNH2,Hierarchical,500.0,419.0,0.25,0.19,54.24,3.37,3.79,38.6,0.0,1.0,2.6
,Walnut shell,NaNH2,Hierarchical,500.0,589.0,0.34,0.27,63.53,4.38,7.24,24.85,0.0,1.0,4.17
,Walnut shell,NaNH2,Hierarchical,500.0,802.0,0.47,0.37,57.6,3.45,1.52,37.43,0.0,1.0,3.88
,Walnut shell,NaNH2,Hierarchical,500.0,516.0,0.28,0.2,52.55,3.35,3.52,40.58,0.0,1.0,2.67
,Walnut shell,NaNH2,Hierarchical,500.0,1687.0,0.94,0.77,72.63,3.18,1.89,22.3,0.0,1.0,5.22
,Walnut shell,NaNH2,Hierarchical,500.0,1721.0,0.92,0.75,61.53,1.45,2.54,34.48,0.0,1.0,3.17
34.0,Glucose-d,KOH,Hierarchical,180.0,821.0,0.42,0.3068999999999998,65.54,2.14,12.17,20.15,25.0,1.0,3.99
,Glucose-d,KOH,Hierarchical,180.0,1267.0,0.54,0.39459999999999995,64.89,2.15,11.93,21.03,25.0,1.0,4.24
,Glucose-d,KOH,Hierarchical,180.0,1398.0,0.6,0.43209999999999993,63.54,2.16,11.67,22.63,25.0,1.0,4.02
,Glucose-d,KOH,Hierarchical,180.0,1412.0,0.63,0.4447999999999999,62.21,2.12,11.23,24.44,25.0,1.0,3.93
,Glucose-d,KOH,Hierarchical,180.0,1734.0,0.78,0.59588,75.01,1.41,9.24,14.34,25.0,1.0,4.26
,Glucose-d,KOH,Hierarchical,180.0,1960.0,0.9,0.6490600000000001,74.32,1.35,8.56,15.77,25.0,1.0,4.23
,Glucose-d,KOH,Hierarchical,180.0,2167.0,0.96,0.6618999999999999,72.68,1.37,7.23,18.72,25.0,1.0,4.21
,Glucose-d,KOH,Hierarchical,180.0,2016.0,0.94,0.6464900000000001,75.35,1.17,6.85,16.63,25.0,1.0,4.07
,Glucose-d,KOH,Hierarchical,180.0,2394.0,1.13,0.6585299999999996,81.51,0.89,6.94,10.66,25.0,1.0,3.92
,Glucose-d,KOH,Hierarchical,180.0,2659.0,1.32,0.8915199999999993,79.12,0.75,6.72,13.41,25.0,1.0,3.71
,Glucose-d,KOH,Hierarchical,180.0,2655.0,1.4,0.8663899999999995,77.05,0.85,6.43,15.67,25.0,1.0,3.51
,Glucose-d,KOH,Hierarchical,180.0,2470.0,1.3,0.6765500000000002,76.92,0.96,6.2,15.92,25.0,1.0,3.42
,Glucose-d,KOH,Hierarchical,180.0,821.0,0.42,0.3045999999999998,65.54,2.14,12.17,20.15,0.0,1.0,5.33
,Glucose-d,KOH,Hierarchical,180.0,1267.0,0.54,0.38380000000000003,64.89,2.15,11.93,21.03,0.0,1.0,6.23
,Glucose-d,KOH,Hierarchical,180.0,1398.0,0.6,0.4292,63.54,2.16,11.67,22.63,0.0,1.0,6.11
,Glucose-d,KOH,Hierarchical,180.0,1412.0,0.63,0.4369999999999999,62.21,2.12,11.23,24.44,0.0,1.0,5.9
,Glucose-d,KOH,Hierarchical,180.0,1734.0,0.78,0.60204,75.01,1.41,9.24,14.34,0.0,1.0,6.7
,Glucose-d,KOH,Hierarchical,180.0,1960.0,0.9,0.6379200000000002,74.32,1.35,8.56,15.77,0.0,1.0,6.14
,Glucose-d,KOH,Hierarchical,180.0,2167.0,0.96,0.65362,72.68,1.37,7.23,18.72,0.0,1.0,6.28
,Glucose-d,KOH,Hierarchical,180.0,2016.0,0.94,0.6396300000000001,75.35,1.17,6.85,16.63,0.0,1.0,6.11
,Glucose-d,KOH,Hierarchical,180.0,2394.0,1.13,0.6483299999999997,81.51,0.89,6.94,10.66,0.0,1.0,6.46
,Glucose-d,KOH,Hierarchical,180.0,2659.0,1.32,0.8707199999999996,79.12,0.75,6.72,13.41,0.0,1.0,5.73
,Glucose-d,KOH,Hierarchical,180.0,2655.0,1.4,0.8637199999999994,77.05,0.85,6.43,15.67,0.0,1.0,5.36
,Glucose-d,KOH,Hierarchical,180.0,2470.0,1.3,0.6406800000000002,76.92,0.96,6.2,15.92,0.0,1.0,5.24
35.0,Palm kernel shell,,Microporous,500.0,195.0,0.11,0.08,90.23,0.0,1.77,7.76,25.0,1.0,1.43
,Palm kernel shell,,Microporous,500.0,852.0,0.38,0.31,85.9,0.0,3.03,10.87,25.0,1.0,4.39
,Palm kernel shell,,Microporous,500.0,1185.0,0.52,0.43,90.97,0.0,3.35,5.54,25.0,1.0,4.8
,Palm kernel shell,,Microporous,500.0,694.0,0.37,0.25,88.31,0.0,1.95,9.53,25.0,1.0,3.39
,Palm kernel shell,,Microporous,500.0,699.0,0.49,0.16,92.63,0.0,1.73,5.45,25.0,1.0,2.56
,Palm kernel shell,,Microporous,500.0,586.0,0.31,0.19,88.52,0.0,2.94,8.24,25.0,1.0,2.84
,Palm kernel shell,,Microporous,500.0,1700.0,0.89,0.56,86.45,0.0,3.3,9.97,25.0,1.0,5.29
36.0,Lignin,KOH,Hierarchical,200.0,3172.0,1.6,1.0192800000000009,87.72,0.0,0.0,12.08,25.0,1.0,2.3
,Lignin,KOH,Hierarchical,200.0,3020.0,1.89,1.0315800000000004,80.03,0.0,0.62,19.34,25.0,1.0,2.2
,Lignin,KOH,Hierarchical,200.0,3064.0,1.56,1.01067,87.1,0.0,0.64,12.26,25.0,1.0,2.5
,Lignin,KOH,Hierarchical,200.0,3021.0,1.58,1.0140400000000003,89.55,0.0,1.1,9.35,25.0,1.0,2.6
,Lignin,KOH,Hierarchical,200.0,2473.0,1.26,0.7692999999999997,87.81,0.0,1.17,11.02,25.0,1.0,2.7
37.0,Pineapple waste,KOH,Hierarchical,210.0,124.0,0.07600000000000001,0.10850000000000001,84.82,1.56,1.3,12.32,25.0,1.0,1.16
,Pineapple waste,KOH,Hierarchical,210.0,224.1,0.11789999999999988,0.11660000000000004,86.06,1.55,1.69,10.7,25.0,1.0,1.18
,Pineapple waste,KOH,Hierarchical,210.0,422.8,0.28859999999999986,0.20870000000000016,80.01,1.16,1.52,17.31,25.0,1.0,2.22
,Pineapple waste,KOH,Hierarchical,210.0,302.7,0.19270000000000007,0.11740000000000003,81.12,0.75,1.3,16.83,25.0,1.0,1.59
,Pineapple waste,KOH,Hierarchical,210.0,328.2,0.20120000000000016,0.13060000000000002,84.98,0.2,1.59,13.23,25.0,1.0,1.33
,Pineapple waste,KOH,Hierarchical,210.0,644.9,0.40509999999999996,0.2514999999999999,73.52,1.09,1.49,23.9,25.0,1.0,3.16
,Pineapple waste,KOH,Hierarchical,210.0,186.0,0.10909999999999995,0.10700000000000004,85.04,0.48,1.12,13.36,25.0,1.0,1.35
,Pineapple waste,KOH,Hierarchical,210.0,397.3,0.2546999999999999,0.18820000000000026,83.29,0.17,1.58,14.96,25.0,1.0,1.59
,Pineapple waste,KOH,Hierarchical,210.0,1076.3,0.6320000000000003,0.3173,86.31,0.14,0.33,13.22,25.0,1.0,4.25
38.0,Glucose,KOH,Hierarchical,180.0,1082.0,0.58,0.44,77.91,0.0,9.44,12.65,25.0,1.0,3.78
,Glucose,KOH,Hierarchical,180.0,1793.0,0.87,0.73,81.12,0.0,8.02,10.86,25.0,1.0,5.01
,Glucose,KOH,Hierarchical,180.0,2328.0,1.11,0.94,84.91,0.0,5.05,10.04,25.0,1.0,4.32
,Glucose,KOH,Hierarchical,180.0,2958.0,1.61,1.16,92.8,0.0,2.73,4.47,25.0,1.0,3.36
,Glucose,KOH,Hierarchical,180.0,1082.0,0.58,0.44,77.91,0.0,9.44,12.65,25.0,0.15,1.29
,Glucose,KOH,Hierarchical,180.0,1793.0,0.87,0.73,81.12,0.0,8.02,10.86,25.0,0.15,1.38
,Glucose,KOH,Hierarchical,180.0,2328.0,1.11,0.94,84.91,0.0,5.05,10.04,25.0,0.15,0.93
,Glucose,KOH,Hierarchical,180.0,2958.0,1.61,1.16,92.8,0.0,2.73,4.47,25.0,0.15,0.65
,Glucose,KOH,Hierarchical,180.0,1082.0,0.58,0.44,77.91,0.0,9.44,12.65,0.0,1.0,5.36
,Glucose,KOH,Hierarchical,180.0,1793.0,0.87,0.73,81.12,0.0,8.02,10.86,0.0,1.0,7.6
,Glucose,KOH,Hierarchical,180.0,2328.0,1.11,0.94,84.91,0.0,5.05,10.04,0.0,1.0,7.18
,Glucose,KOH,Hierarchical,180.0,2958.0,1.61,1.16,92.8,0.0,2.73,4.47,0.0,1.0,6.24
39.0,Glucose-d,KOH,Microporous,250.6,1210.0,0.69,0.3997000000000002,74.3,0.0,9.8,15.9,25.0,1.0,4.18
,Glucose-d,KOH,Microporous,253.2,1780.0,1.35,0.61664,82.5,0.0,6.94,10.56,25.0,1.0,4.66
,Glucose-d,KOH,Microporous,260.0,2136.0,1.43,0.6468799999999999,80.8,0.0,6.84,12.36,25.0,1.0,3.89
,Glucose-d,KOH,Microporous,302.7,3247.0,3.09,0.9782000000000002,86.9,0.0,2.07,11.03,25.0,1.0,4.95
,Glucose-d,KOH,Microporous,213.2,1210.0,0.69,0.3643000000000001,74.3,0.0,9.8,15.9,0.0,1.0,6.11
,Glucose-d,KOH,Microporous,233.5,1780.0,1.35,0.6321599999999997,82.5,0.0,6.94,10.56,0.0,1.0,7.77
,Glucose-d,KOH,Microporous,263.8,2136.0,1.43,0.6057899999999998,80.8,0.0,6.84,12.36,0.0,1.0,7.43
,Glucose-d,KOH,Microporous,309.8,3247.0,3.09,0.9554000000000002,86.9,0.0,2.07,11.03,0.0,1.0,8.07
40.0,Sugarcane bagasse,KOH,Microporous,515.2,32.0,0.02,0.10530000000000005,83.16,1.74,3.81,11.29,25.0,1.0,1.94
,Sugarcane bagasse,KOH,Microporous,469.7,851.0,0.44,0.3274999999999998,87.0,0.97,0.83,11.2,25.0,1.0,4.52
,Sugarcane bagasse,KOH,Microporous,422.9,927.0,0.48,0.33630000000000004,83.26,1.17,1.76,13.81,25.0,1.0,4.6
,Sugarcane bagasse,KOH,Microporous,437.9,1113.0,0.57,0.4373000000000002,83.59,1.18,1.98,13.25,25.0,1.0,4.8
,Sugarcane bagasse,KOH,Microporous,462.0,1024.0,0.53,0.4050000000000003,83.02,1.16,1.98,13.84,25.0,1.0,4.76
,Sugarcane bagasse,KOH,Microporous,400.3,945.0,0.49,0.3288,84.19,1.12,1.99,12.7,25.0,1.0,4.71
41.0,Lotus stalks,NaNH2,Hierarchical,500.0,848.0,0.38,0.32669999999999993,67.03,2.34,3.77,26.86,25.0,1.0,3.39
,Lotus stalks,NaNH2,Hierarchical,500.0,1164.0,0.54,0.42780000000000007,68.32,2.55,4.01,25.12,25.0,1.0,3.67
,Lotus stalks,NaNH2,Hierarchical,500.0,1087.0,0.52,0.44210000000000016,67.65,2.25,4.5,25.6,25.0,1.0,3.22
,Lotus stalks,NaNH2,Hierarchical,500.0,1105.0,0.49,0.4136000000000002,70.25,2.12,3.21,24.42,25.0,1.0,3.69
,Lotus stalks,NaNH2,Hierarchical,500.0,2053.0,0.97,0.9208199999999991,71.37,2.04,3.64,22.95,25.0,1.0,3.47
,Lotus stalks,NaNH2,Hierarchical,500.0,1921.0,1.04,0.72293,70.98,2.06,4.03,22.93,25.0,1.0,3.12
,Lotus stalks,NaNH2,Hierarchical,500.0,1113.0,0.48,0.4096000000000003,73.56,2.09,2.61,21.74,25.0,1.0,3.88
,Lotus stalks,NaNH2,Hierarchical,500.0,2264.0,1.34,0.8216999999999995,74.32,1.97,3.08,20.63,25.0,1.0,3.51
,Lotus stalks,NaNH2,Hierarchical,500.0,1824.0,1.03,0.6409400000000002,74.98,1.88,3.45,19.69,25.0,1.0,3.45
42.0,Phenolic resins,NaNH2,Microporous,500.0,735.0,0.31,0.28469999999999984,77.7,2.58,2.72,17.0,25.0,1.0,3.32
,Phenolic resins,NaNH2,Microporous,500.0,936.0,0.39,0.3617,78.36,2.29,4.56,14.79,25.0,1.0,4.12
,Phenolic resins,NaNH2,Microporous,500.0,1115.0,0.46,0.4097000000000003,79.36,2.43,5.36,12.85,25.0,1.0,4.14
,Phenolic resins,NaNH2,Microporous,500.0,1003.0,0.41,0.37860000000000016,79.11,2.16,6.05,12.68,25.0,1.0,3.83
,Phenolic resins,NaNH2,Microporous,500.0,787.0,0.33,0.3092999999999998,80.6,2.42,1.56,15.42,25.0,1.0,3.86
,Phenolic resins,NaNH2,Microporous,500.0,1088.0,0.45,0.40090000000000026,79.32,2.36,3.9,14.42,25.0,1.0,4.06
,Phenolic resins,NaNH2,Microporous,500.0,1432.0,0.59,0.5522600000000002,78.62,1.76,4.25,15.37,25.0,1.0,4.64
,Phenolic resins,NaNH2,Microporous,500.0,1569.0,0.64,0.6359999999999999,77.65,2.24,5.94,14.17,25.0,1.0,4.4
,Phenolic resins,NaNH2,Microporous,500.0,932.0,0.39,0.36050000000000026,85.36,1.95,1.39,11.3,25.0,1.0,4.03
,Phenolic resins,NaNH2,Microporous,500.0,1288.0,0.54,0.45270000000000005,83.69,1.7,3.85,10.76,25.0,1.0,4.61
,Phenolic resins,NaNH2,Microporous,500.0,1924.0,0.79,0.7067600000000002,81.34,1.64,4.09,12.93,25.0,1.0,4.57
,Phenolic resins,NaNH2,Microporous,500.0,2155.0,0.94,0.8172999999999991,76.96,1.29,5.74,16.01,25.0,1.0,4.38
43.0,Coconut shell,K2CO3,Hierarchical,500.0,947.0,0.35,0.3723000000000002,86.59,0.94,2.76,9.71,25.0,1.0,3.45
,Coconut shell,K2CO4,Hierarchical,500.0,1082.0,0.39,0.3913000000000003,87.48,0.88,2.74,8.9,25.0,1.0,3.71
,Coconut shell,K2CO5,Hierarchical,500.0,1324.0,0.51,0.46129999999999993,91.35,0.82,1.52,6.31,25.0,1.0,3.49
,Coconut shell,K2CO6,Hierarchical,500.0,1199.0,0.47,0.4230000000000001,91.08,0.52,1.42,6.98,25.0,1.0,3.07
,Coconut shell,K2CO7,Hierarchical,500.0,1354.0,0.58,0.4805999999999998,88.71,0.55,1.34,9.4,25.0,1.0,3.03
,Coconut shell,K2CO8,Hierarchical,500.0,1329.0,0.56,0.47459999999999986,91.35,0.56,1.13,6.96,25.0,1.0,2.86
,Coconut shell,K2CO9,Hierarchical,500.0,1430.0,0.65,0.5336000000000001,93.24,0.65,0.86,5.25,25.0,1.0,2.78
44.0,Argan hard shell,KOH and NaOH,Hierarchical,700.0,2251.0,1.04,0.93,85.08,0.0,9.49,5.43,25.0,1.0,5.51
,Argan hard shell,KOH and NaOH,Hierarchical,700.0,1890.0,0.87,0.8,82.68,0.0,13.9,3.42,25.0,1.0,5.63
,Argan hard shell,KOH and NaOH,Hierarchical,700.0,1463.0,0.74,0.58,67.74,0.0,9.07,23.19,25.0,1.0,3.64
,Argan hard shell,KOH and NaOH,Hierarchical,700.0,1827.0,0.96,0.73,82.14,0.0,12.61,5.25,25.0,1.0,3.73
45.0,"Olive stone, coffee, almond shell, grape seed",CO2,Microporous,462.5,514.0,0.21,0.15239999999999992,92.2,0.0,0.4,7.4,25.0,0.15,0.88
,"Olive stone, coffee, almond shell, grape seed",CO2,Microporous,421.0,1248.0,0.44,0.4380999999999999,88.0,0.0,0.7,11.3,25.0,0.15,0.99
,"Olive stone, coffee, almond shell, grape seed",CO2,Microporous,511.8,534.0,0.25,0.20340000000000003,83.7,0.0,4.1,12.2,25.0,0.15,1.11
,"Olive stone, coffee, almond shell, grape seed",CO2,Microporous,414.8,847.0,0.34,0.31549999999999967,81.9,0.0,1.3,16.8,25.0,0.15,0.98
,"Olive stone, coffee, almond shell, grape seed",CO2,Microporous,374.1,535.0,0.23,0.16849999999999996,85.3,0.0,1.8,12.9,25.0,0.15,0.91
,"Olive stone, coffee, almond shell, grape seed",CO2,Microporous,442.8,362.0,0.27,0.18210000000000007,90.0,0.0,2.2,7.8,25.0,0.15,0.91
,"Olive stone, coffee, almond shell, grape seed",CO2,Microporous,435.7,840.0,0.34,0.3188999999999997,82.6,0.0,2.1,15.3,25.0,0.15,0.75
46.0,Black gram,KOH,Microporous,300.0,956.0,0.48,0.31,76.95,2.39,4.82,15.84,25.0,1.0,3.34
,Black gram,KOH,Microporous,300.0,1258.0,0.61,0.4,83.63,2.9,4.21,9.26,25.0,1.0,3.46
,Black gram,KOH,Microporous,300.0,1697.0,0.82,0.37,84.08,2.06,3.86,10.0,25.0,1.0,3.46
,Black gram,KOH,Microporous,300.0,1987.0,1.02,0.26,89.43,1.41,1.78,7.38,25.0,1.0,2.76
,Black gram,KOH,Microporous,300.0,990.0,0.42,0.31,79.99,2.9,4.76,12.35,25.0,1.0,3.25
,Black gram,KOH,Microporous,300.0,1428.0,0.65,0.29,78.36,2.58,4.38,14.68,25.0,1.0,3.06
,Black gram,KOH,Microporous,300.0,1675.0,0.96,0.06,75.76,2.51,3.67,18.06,25.0,1.0,2.28
,Black gram,KOH,Microporous,300.0,2086.0,1.08,0.16,91.38,1.06,2.52,5.04,25.0,1.0,2.59
,Black gram,KOH,Microporous,300.0,1216.0,0.53,0.35,78.46,2.21,5.34,13.99,25.0,1.0,3.16
,Black gram,KOH,Microporous,300.0,1446.0,0.63,0.37,81.6,2.41,4.15,11.84,25.0,1.0,3.21
,Black gram,KOH,Microporous,300.0,1952.0,1.11,0.04,71.34,3.4,3.15,22.11,25.0,1.0,2.14
,Black gram,KOH,Microporous,300.0,2305.0,1.23,0.13,79.17,2.13,1.81,16.89,25.0,1.0,2.34
,Black gram,KOH,Microporous,300.0,956.0,0.48,0.31,76.95,2.39,4.82,15.84,0.0,1.0,4.61
,Black gram,KOH,Microporous,300.0,1258.0,0.61,0.4,83.63,2.9,4.21,9.26,0.0,1.0,5.3
,Black gram,KOH,Microporous,300.0,1697.0,0.82,0.37,84.08,2.06,3.86,10.0,0.0,1.0,5.25
,Black gram,KOH,Microporous,300.0,1987.0,1.02,0.26,89.43,1.41,1.78,7.38,0.0,1.0,5.1
,Black gram,KOH,Microporous,300.0,990.0,0.42,0.31,79.99,2.9,4.76,12.35,0.0,1.0,4.65
,Black gram,KOH,Microporous,300.0,1428.0,0.65,0.29,78.36,2.58,4.38,14.68,0.0,1.0,4.97
,Black gram,KOH,Microporous,300.0,1675.0,0.96,0.06,75.76,2.51,3.67,18.06,0.0,1.0,3.9
,Black gram,KOH,Microporous,300.0,2086.0,1.08,0.16,91.38,1.06,2.52,5.04,0.0,1.0,4.69
,Black gram,KOH,Microporous,300.0,1216.0,0.53,0.35,78.46,2.21,5.34,13.99,0.0,1.0,4.82
,Black gram,KOH,Microporous,300.0,1446.0,0.63,0.37,81.6,2.41,4.15,11.84,0.0,1.0,5.15
,Black gram,KOH,Microporous,300.0,1952.0,1.11,0.04,71.34,3.4,3.15,22.11,0.0,1.0,3.73
,Black gram,KOH,Microporous,300.0,2305.0,1.23,0.13,79.17,2.13,1.81,16.89,0.0,1.0,4.79
47.0,Glucose-d,K2CO3,Hierarchical,180.0,933.0,0.45,0.35029999999999994,66.51,2.33,12.27,18.89,25.0,1.0,3.43
,Glucose-d,K2CO3,Hierarchical,180.0,1005.0,0.46,0.3666000000000001,65.31,2.38,12.21,20.1,25.0,1.0,3.46
,Glucose-d,K2CO3,Hierarchical,180.0,1170.0,0.53,0.4014000000000002,63.67,2.42,11.81,22.1,25.0,1.0,3.74
,Glucose-d,K2CO3,Hierarchical,180.0,1754.0,0.83,0.6016200000000003,69.83,2.14,10.51,17.52,25.0,1.0,3.69
,Glucose-d,K2CO3,Hierarchical,180.0,1699.0,0.89,0.60446,70.32,1.98,9.54,18.16,25.0,1.0,3.65
,Glucose-d,K2CO3,Hierarchical,180.0,1824.0,0.92,0.60034,71.66,1.97,7.74,18.63,25.0,1.0,3.92
,Glucose-d,K2CO3,Hierarchical,180.0,2572.0,1.43,0.8470499999999994,77.7,1.56,6.57,14.17,25.0,1.0,3.75
,Glucose-d,K2CO3,Hierarchical,180.0,2510.0,1.54,0.73473,80.32,1.73,5.03,12.92,25.0,1.0,3.56
,Glucose-d,K2CO3,Hierarchical,180.0,2827.0,1.55,0.8966699999999997,84.24,1.65,4.69,9.42,25.0,1.0,3.61
,Glucose-d,K2CO3,Hierarchical,180.0,1020.0,0.52,0.3579,73.65,2.15,0.32,23.88,25.0,1.0,3.66
,Glucose-d,K2CO3,Hierarchical,180.0,933.0,0.45,0.3449999999999999,66.51,2.33,12.27,18.89,0.0,1.0,4.8
,Glucose-d,K2CO3,Hierarchical,180.0,1005.0,0.46,0.3605000000000001,65.31,2.38,12.21,20.1,0.0,1.0,4.84
,Glucose-d,K2CO3,Hierarchical,180.0,1170.0,0.53,0.3933000000000002,63.67,2.42,11.81,22.1,0.0,1.0,5.32
,Glucose-d,K2CO3,Hierarchical,180.0,1754.0,0.83,0.6006800000000001,69.83,2.14,10.51,17.52,0.0,1.0,5.45
,Glucose-d,K2CO3,Hierarchical,180.0,1699.0,0.89,0.6019399999999999,70.32,1.98,9.54,18.16,0.0,1.0,5.87
,Glucose-d,K2CO3,Hierarchical,180.0,1824.0,0.92,0.6062700000000001,71.66,1.97,7.74,18.63,0.0,1.0,6.23
,Glucose-d,K2CO3,Hierarchical,180.0,2572.0,1.43,0.8331499999999994,77.7,1.56,6.57,14.17,0.0,1.0,6.23
,Glucose-d,K2CO3,Hierarchical,180.0,2510.0,1.54,0.7173200000000002,80.32,1.73,5.03,12.92,0.0,1.0,6.16
,Glucose-d,K2CO3,Hierarchical,180.0,2827.0,1.55,0.9105699999999995,84.24,1.65,4.69,9.42,0.0,1.0,6.05
,Glucose-d,K2CO3,Hierarchical,180.0,1020.0,0.52,0.37729999999999997,73.65,2.15,0.32,23.88,0.0,1.0,5.74
48.0,Lignin,KOH,Hierarchical,300.0,1788.0,0.91,0.49,40.4,0.0,5.6,54.0,25.0,1.0,4.8
,Lignin,KOH,Hierarchical,300.0,2957.0,1.79,0.56,59.5,0.0,2.5,38.0,25.0,1.0,4.4
,Lignin,KOH,Hierarchical,300.0,1075.0,0.75,0.21,64.0,0.0,2.2,33.8,25.0,1.0,4.0
,Lignin,KOH,Hierarchical,300.0,1788.0,0.91,0.49,40.4,0.0,5.6,54.0,0.0,1.0,8.2
,Lignin,KOH,Hierarchical,300.0,2957.0,1.79,0.56,59.5,0.0,2.5,38.0,0.0,1.0,7.6
,Lignin,KOH,Hierarchical,300.0,1075.0,0.75,0.21,64.0,0.0,2.2,33.8,0.0,1.0,6.5
49.0,Canes biomass,,Hierarchical,374.3,18.0,0.02,0.11170000000000008,80.03,0.0,13.53,5.76,25.0,1.0,1.5
,Canes biomass,,Hierarchical,391.4,982.0,0.62,0.34160000000000024,79.26,0.0,8.12,11.89,25.0,1.0,2.2
,Canes biomass,,Hierarchical,310.8,582.0,0.29,0.2525999999999998,74.73,0.0,15.88,7.28,25.0,1.0,2.1
,Canes biomass,,Hierarchical,403.3,18.0,0.02,0.11520000000000008,80.03,0.0,13.53,5.76,0.0,1.0,1.7
,Canes biomass,,Hierarchical,244.6,982.0,0.62,0.34590000000000004,79.26,0.0,8.12,11.89,0.0,1.0,4.8
,Canes biomass,,Hierarchical,490.6,582.0,0.29,0.26159999999999994,74.73,0.0,15.88,7.28,0.0,1.0,3.0
50.0,Pigskin,,Hierarchical,277.0,1165.0,1.03,0.3975000000000003,64.7,1.5,10.4,23.25,25.0,1.0,4.4
,Pigskin,,Hierarchical,255.5,2693.0,1.68,0.9012900000000001,84.8,0.5,6.2,8.21,25.0,1.0,3.1
,Pigskin,,Hierarchical,344.2,2731.0,1.89,0.9015599999999999,86.8,1.8,2.6,7.9,25.0,1.0,2.5
,Pigskin,,Hierarchical,356.8,2799.0,1.91,0.9112800000000001,91.9,1.2,1.6,4.45,25.0,1.0,2.2
,Pigskin,,Hierarchical,231.0,1165.0,1.03,0.37850000000000006,64.7,1.5,10.4,23.25,0.0,1.0,5.3
,Pigskin,,Hierarchical,294.2,2693.0,1.68,0.9058900000000001,84.8,0.5,6.2,8.21,0.0,1.0,4.7
,Pigskin,,Hierarchical,316.8,2731.0,1.89,0.8820600000000001,86.8,1.8,2.6,7.9,0.0,1.0,4.1
,Pigskin,,Hierarchical,324.1,2799.0,1.91,0.8628600000000003,91.9,1.2,1.6,4.45,0.0,1.0,4.0
51.0,Chitosan,KOH,Microporous,550.0,667.0,0.29,0.28,63.3,2.4,6.5,27.8,25.0,1.0,3.74
,Chitosan,KOH,Microporous,550.0,716.0,0.32,0.31,61.5,2.5,6.6,29.4,25.0,1.0,4.04
,Chitosan,KOH,Microporous,550.0,718.0,0.33,0.31,59.1,2.3,6.8,31.8,25.0,1.0,4.17
,Chitosan,KOH,Microporous,550.0,907.0,0.4,0.39,57.9,2.6,6.7,32.8,25.0,1.0,4.26
,Chitosan,KOH,Microporous,550.0,667.0,0.29,0.28,63.3,2.4,6.5,27.8,25.0,0.15,1.46
,Chitosan,KOH,Microporous,550.0,716.0,0.32,0.31,61.5,2.5,6.6,29.4,25.0,0.15,1.57
,Chitosan,KOH,Microporous,550.0,718.0,0.33,0.31,59.1,2.3,6.8,31.8,25.0,0.15,1.86
,Chitosan,KOH,Microporous,550.0,907.0,0.4,0.39,57.9,2.6,6.7,32.8,25.0,0.15,1.77
52.0,Rotten strawberries,KOH,Hierarchical,180.0,935.0,0.42,0.3225999999999999,72.21,2.55,3.68,21.56,25.0,1.0,3.63
,Rotten strawberries,KOH,Hierarchical,180.0,1441.0,0.6,0.44929999999999987,68.99,2.21,5.16,23.64,25.0,1.0,4.04
,Rotten strawberries,KOH,Hierarchical,180.0,1117.0,0.52,0.33299999999999996,78.02,2.44,5.38,14.16,25.0,1.0,4.49
,Rotten strawberries,KOH,Hierarchical,180.0,1482.0,0.64,0.4694999999999998,70.16,3.06,5.06,21.72,25.0,1.0,3.87
,Rotten strawberries,KOH,Hierarchical,180.0,1408.0,0.67,0.4101999999999999,76.23,2.39,3.81,17.57,25.0,1.0,3.73
,Rotten strawberries,KOH,Hierarchical,180.0,1577.0,0.68,0.5651000000000002,79.18,2.11,2.6,16.11,25.0,1.0,3.99
53.0,Lignin,KOH,Hierarchical,373.7,2922.0,1.36,1.22,84.6,0.0,5.6,7.2,25.0,1.0,5.12
,Lignin,KOH,Hierarchical,291.7,2779.0,1.39,1.1,79.1,0.0,7.1,11.8,25.0,1.0,5.48
,Lignin,KOH,Hierarchical,359.2,1631.0,0.83,0.6,76.3,0.0,5.9,17.1,25.0,1.0,4.23
54.0,Soya chunks,NaOH,Microporous,180.0,607.0,0.4002000000000001,0.2520999999999999,80.2,0.0,4.3,15.5,25.0,1.0,2.7
,Soya chunks,NaOH,Microporous,180.0,1072.0,0.6306000000000004,0.3361,84.0,0.0,5.3,10.7,25.0,1.0,3.2
55.0,Arundo donax,ZnCl2,Hierarchical,329.9,1863.0,1.0,0.6065799999999999,75.0,0.0,5.4,19.6,25.0,1.0,2.1
,Arundo donax,ZnCl2,Hierarchical,278.8,1340.0,0.68,0.4628999999999999,81.0,0.0,4.1,14.9,25.0,1.0,1.7
,Arundo donax,ZnCl2,Hierarchical,348.5,1420.0,0.76,0.48729999999999973,82.0,0.0,3.5,14.5,25.0,1.0,2.0
56.0,Coca cola,ZnCl2,Hierarchical,419.8,1082.0,0.43,0.38250000000000034,69.6,0.0,3.3,13.8,25.0,1.01,3.2
,Coca cola,ZnCl2,Hierarchical,435.4,1994.0,0.87,0.7596500000000002,73.1,0.0,4.2,10.3,25.0,1.01,3.08
,Coca cola,ZnCl2,Hierarchical,421.8,1405.0,0.8,0.48410000000000003,74.0,0.0,3.5,12.5,25.0,1.01,5.22
57.0,Waste wool,KOH,Hierarchical,300.0,447.0,0.22,0.18,71.9,1.37,11.25,15.48,25.0,1.0,1.48
,Waste wool,KOH,Hierarchical,300.0,1010.0,0.57,0.37,70.73,1.64,4.57,23.06,25.0,1.0,2.33
,Waste wool,KOH,Hierarchical,300.0,1352.0,0.78,0.54,69.65,1.42,4.14,24.79,25.0,1.0,2.78
,Waste wool,KOH,Hierarchical,300.0,1420.0,0.86,0.52,67.47,1.68,3.7,27.15,25.0,1.0,2.35
58.0,Coconut shell,KOH,Microporous,500.0,1023.0,0.38,0.37010000000000004,84.2,1.52,1.35,12.93,25.0,1.0,4.1
,Coconut shell,KOH,Microporous,500.0,1383.0,0.56,0.4834999999999999,83.3,1.32,1.08,14.3,25.0,1.0,4.0
,Coconut shell,KOH,Microporous,500.0,1604.0,0.65,0.6281199999999998,84.2,1.53,0.81,13.46,25.0,1.0,4.3
,Coconut shell,KOH,Microporous,500.0,1178.0,0.49,0.42190000000000005,82.0,1.34,1.23,15.43,25.0,1.0,4.1
,Coconut shell,KOH,Microporous,500.0,1535.0,0.6,0.61208,81.3,1.22,0.91,16.57,25.0,1.0,4.8
,Coconut shell,KOH,Microporous,500.0,1687.0,0.67,0.6782600000000001,83.0,1.29,0.7,15.01,25.0,1.0,4.3
,Coconut shell,KOH,Microporous,500.0,1550.0,0.62,0.6167199999999999,84.2,1.03,0.86,13.91,25.0,1.0,4.1
,Coconut shell,KOH,Microporous,500.0,1596.0,0.64,0.6292599999999999,86.3,0.92,0.73,12.05,25.0,1.0,4.7
,Coconut shell,KOH,Microporous,500.0,1937.0,0.78,0.6779000000000001,86.5,0.84,0.61,12.05,25.0,1.0,4.44
,Coconut shell,KOH,Microporous,500.0,1513.0,0.58,0.60032,80.8,2.4,0.23,16.57,25.0,1.0,3.7
,Coconut shell,KOH,Microporous,500.0,1012.0,0.44,0.38580000000000014,75.5,0.95,8.01,15.54,25.0,1.0,3.0
59.0,Banana peel,CO2,Hierarchical,800.0,1426.1,0.83,0.56,43.5,2.2,4.2,50.1,25.0,1.0,2.7
,Banana peel,CO2,Hierarchical,800.0,764.0,0.4273999999999998,0.3238,62.51,0.0,5.0,32.49,30.0,1.0,1.9
60.0,Black locust,KOH,Hierarchical,650.0,2511.0,1.35,1.16,76.38,1.48,7.21,0.0,25.0,1.0,5.05
,Black locust,KOH,Hierarchical,650.0,2511.0,1.35,1.16,76.38,1.48,7.21,0.0,0.0,1.0,7.19
,Black locust,KOH,Hierarchical,650.0,2511.0,1.35,1.16,76.38,1.48,7.21,0.0,25.0,0.15,1.59
,Black locust,KOH,Hierarchical,650.0,2511.0,1.35,1.16,76.38,1.48,7.21,0.0,0.0,0.15,3.26
61.0,Bark stem,KOH,Hierarchical,170.0,1393.0,0.63,0.49,87.48,0.0,1.61,10.91,25.0,1.0,3.92
,Bark stem,KOH,Hierarchical,170.0,1759.0,0.92,0.6,89.48,0.0,1.43,9.09,25.0,1.0,4.45
,Bark stem,KOH,Hierarchical,170.0,1229.0,0.89,0.15,92.59,0.0,0.99,6.42,25.0,1.0,3.76
62.0,Coconut shell,KOH,Hierarchical,500.0,879.0,0.38,0.34420000000000006,64.2,4.02,6.16,25.62,25.0,1.0,3.68
,Coconut shell,KOH,Hierarchical,500.0,1135.0,0.62,0.4287,70.5,3.38,4.83,21.29,25.0,1.0,4.04
,Coconut shell,KOH,Hierarchical,500.0,1850.0,0.87,0.6725699999999999,69.8,3.0,4.31,22.89,25.0,1.0,4.16
,Coconut shell,KOH,Hierarchical,500.0,1562.0,0.75,0.6263400000000001,69.0,2.69,3.84,24.47,25.0,1.0,3.79
,Coconut shell,KOH,Hierarchical,500.0,1483.0,0.66,0.59316,70.0,2.67,4.56,22.77,25.0,1.0,4.26
,Coconut shell,KOH,Hierarchical,500.0,1487.0,0.79,0.5914200000000001,71.2,2.45,3.59,22.76,25.0,1.0,4.22
,Coconut shell,KOH,Hierarchical,500.0,2322.0,1.06,0.8635499999999995,74.1,2.8,3.19,19.91,25.0,1.0,4.1
,Coconut shell,KOH,Hierarchical,500.0,2521.0,1.34,0.9281399999999995,75.8,2.48,2.4,19.32,25.0,1.0,3.72
,Coconut shell,KOH,Hierarchical,500.0,2349.0,0.99,0.8780799999999997,77.3,2.03,2.22,18.45,25.0,1.0,4.22
,Coconut shell,KOH,Hierarchical,500.0,1967.0,0.94,0.7493499999999998,79.2,2.22,1.81,16.77,25.0,1.0,4.09
,Coconut shell,KOH,Hierarchical,500.0,2690.0,1.19,0.9547599999999998,78.3,2.46,1.7,17.54,25.0,1.0,3.96
,Coconut shell,KOH,Hierarchical,500.0,2599.0,1.33,0.9646399999999994,80.7,2.11,1.21,15.98,25.0,1.0,3.44
63.0,Fallen leaves,KOH,Hierarchical,600.0,1210.0,0.48,0.39,78.6,0.0,1.7,17.6,25.0,1.0,3.39
,Fallen leaves,KOH,Hierarchical,600.0,1360.0,0.51,0.4,81.3,0.0,1.0,15.3,25.0,1.0,4.09
,Fallen leaves,KOH,Hierarchical,600.0,1600.0,0.65,0.54,84.4,0.0,1.3,12.6,25.0,1.0,4.41
,Fallen leaves,KOH,Hierarchical,600.0,1630.0,0.66,0.56,85.5,0.0,2.5,12.0,25.0,1.0,4.2
,Fallen leaves,KOH,Hierarchical,600.0,2230.0,1.03,0.89,86.5,0.0,0.4,11.9,25.0,1.0,3.93
,Fallen leaves,KOH,Hierarchical,600.0,1950.0,0.88,0.72,84.8,0.0,0.4,11.9,25.0,1.0,4.23
,Fallen leaves,KOH,Hierarchical,600.0,1210.0,0.48,0.39,78.6,0.0,1.7,17.6,25.0,0.15,1.2
,Fallen leaves,KOH,Hierarchical,600.0,1360.0,0.51,0.4,81.3,0.0,1.0,15.3,25.0,0.15,1.55
,Fallen leaves,KOH,Hierarchical,600.0,1600.0,0.65,0.54,84.4,0.0,1.3,12.6,25.0,0.15,1.41
,Fallen leaves,KOH,Hierarchical,600.0,1630.0,0.66,0.56,85.5,0.0,2.5,12.0,25.0,0.15,1.14
,Fallen leaves,KOH,Hierarchical,600.0,2230.0,1.03,0.89,86.5,0.0,0.4,11.9,25.0,0.15,0.98
,Fallen leaves,KOH,Hierarchical,600.0,1950.0,0.88,0.72,84.8,0.0,0.4,11.9,25.0,0.15,1.14
64.0,Human hair,KOH,Hierarchical,241.4,1230.0,0.9,0.3765,66.41,0.0,8.33,25.26,0.0,1.0,5.14
,Human hair,KOH,Hierarchical,236.5,2380.0,1.64,0.64595,77.93,0.0,4.94,17.13,0.0,1.0,5.45
,Human hair,KOH,Hierarchical,309.8,2700.0,1.33,0.8513300000000001,80.95,0.0,3.45,15.6,0.0,1.0,4.27
65.0,Polyacrylonitrile fiber,KOH,Hierarchical,300.0,855.0,0.45,0.31,64.76,3.87,13.05,18.32,25.0,1.0,3.33
,Polyacrylonitrile fiber,KOH,Hierarchical,300.0,1338.0,0.68,0.49,66.54,4.01,11.32,18.13,25.0,1.0,3.57
,Polyacrylonitrile fiber,KOH,Hierarchical,300.0,1655.0,0.78,0.63,68.54,4.92,9.84,16.7,25.0,1.0,3.77
,Polyacrylonitrile fiber,KOH,Hierarchical,300.0,1980.0,0.92,0.76,73.15,4.82,7.38,14.65,25.0,1.0,3.95
,Polyacrylonitrile fiber,KOH,Hierarchical,300.0,2362.0,1.22,1.02,75.36,4.35,6.21,14.08,25.0,1.0,3.74
,Polyacrylonitrile fiber,KOH,Hierarchical,300.0,2430.0,1.37,1.16,74.98,3.98,5.36,15.68,25.0,1.0,3.51
,Polyacrylonitrile fiber,KOH,Hierarchical,300.0,2406.0,1.38,1.08,87.07,3.16,3.89,5.88,25.0,1.0,3.54
,Polyacrylonitrile fiber,KOH,Hierarchical,300.0,2672.0,1.58,1.31,88.06,3.87,3.04,5.03,25.0,1.0,3.16
,Polyacrylonitrile fiber,KOH,Hierarchical,300.0,2644.0,1.62,1.32,87.68,3.24,2.65,6.43,25.0,1.0,3.15
,Polyacrylonitrile fiber,KOH,Hierarchical,300.0,2112.0,1.26,0.92,92.23,3.56,2.83,1.38,25.0,1.0,3.02
,Polyacrylonitrile fiber,KOH,Hierarchical,300.0,2747.0,1.62,1.19,91.56,2.45,2.36,3.63,25.0,1.0,3.46
,Polyacrylonitrile fiber,KOH,Hierarchical,300.0,2436.0,1.57,1.15,94.33,1.78,1.84,2.05,25.0,1.0,3.23
,Polyacrylonitrile fiber,KOH,Hierarchical,300.0,855.0,0.45,0.31,64.76,3.87,13.05,18.32,0.0,1.0,4.19
,Polyacrylonitrile fiber,KOH,Hierarchical,300.0,1338.0,0.68,0.49,66.54,4.01,11.32,18.13,0.0,1.0,5.03
,Polyacrylonitrile fiber,KOH,Hierarchical,300.0,1655.0,0.78,0.63,68.54,4.92,9.84,16.7,0.0,1.0,5.61
,Polyacrylonitrile fiber,KOH,Hierarchical,300.0,1980.0,0.92,0.76,73.15,4.82,7.38,14.65,0.0,1.0,6.01
,Polyacrylonitrile fiber,KOH,Hierarchical,300.0,2362.0,1.22,1.02,75.36,4.35,6.21,14.08,0.0,1.0,6.37
,Polyacrylonitrile fiber,KOH,Hierarchical,300.0,2430.0,1.37,1.16,74.98,3.98,5.36,15.68,0.0,1.0,5.23
,Polyacrylonitrile fiber,KOH,Hierarchical,300.0,2406.0,1.38,1.08,87.07,3.16,3.89,5.88,0.0,1.0,5.76
,Polyacrylonitrile fiber,KOH,Hierarchical,300.0,2672.0,1.58,1.31,88.06,3.87,3.04,5.03,0.0,1.0,5.1
,Polyacrylonitrile fiber,KOH,Hierarchical,300.0,2644.0,1.62,1.32,87.68,3.24,2.65,6.43,0.0,1.0,5.47
,Polyacrylonitrile fiber,KOH,Hierarchical,300.0,2112.0,1.26,0.92,92.23,3.56,2.83,1.38,0.0,1.0,5.72
,Polyacrylonitrile fiber,KOH,Hierarchical,300.0,2747.0,1.62,1.19,91.56,2.45,2.36,3.63,0.0,1.0,4.94
,Polyacrylonitrile fiber,KOH,Hierarchical,300.0,2436.0,1.57,1.15,94.33,1.78,1.84,2.05,0.0,1.0,4.52
66.0,Potassium bitartrate,KC4H5O6,Hierarchical,700.0,557.0,0.24,0.21,73.05,2.2,0.6,24.15,25.0,1.0,2.68
,Potassium bitartrate,KC4H5O6,Hierarchical,700.0,744.0,0.31,0.27,74.89,2.35,0.64,22.12,25.0,1.0,3.29
,Potassium bitartrate,KC4H5O6,Hierarchical,700.0,947.0,0.4,0.36,76.74,2.5,0.66,20.1,25.0,1.0,3.55
,Potassium bitartrate,KC4H5O6,Hierarchical,700.0,1156.0,0.56,0.46,78.87,1.92,0.78,18.43,25.0,1.0,3.38
,Potassium bitartrate,KC4H5O6,Hierarchical,700.0,1217.0,0.81,0.31,83.69,2.01,0.82,13.48,25.0,1.0,2.75
,Potassium bitartrate,KC4H5O6,Hierarchical,700.0,557.0,0.24,0.21,73.05,2.2,0.6,24.15,0.0,1.0,3.58
,Potassium bitartrate,KC4H5O6,Hierarchical,700.0,744.0,0.31,0.27,74.89,2.35,0.64,22.12,0.0,1.0,4.5
,Potassium bitartrate,KC4H5O6,Hierarchical,700.0,947.0,0.4,0.36,76.74,2.5,0.66,20.1,0.0,1.0,5.0
,Potassium bitartrate,KC4H5O6,Hierarchical,700.0,1156.0,0.56,0.46,78.87,1.92,0.78,18.43,0.0,1.0,5.16
,Potassium bitartrate,KC4H5O6,Hierarchical,700.0,1217.0,0.81,0.31,83.69,2.01,0.82,13.48,0.0,1.0,4.35
67.0,Cotton stalk crop-residue,KOH,Microporous,444.7,1897.0,0.744,0.706,65.56,3.37,1.87,26.32,25.0,1.0,3.49
,Cotton stalk crop-residue,KOH,Microporous,494.4,1787.0,0.806,0.622,73.0,2.27,2.04,20.47,25.0,1.0,2.88
,Cotton stalk crop-residue,KOH,Microporous,468.7,1706.0,0.777,0.598,66.16,1.98,1.33,29.05,25.0,1.0,3.47
,Cotton stalk crop-residue,KOH,Microporous,474.6,1853.0,0.785,0.646,61.64,2.61,2.74,30.29,25.0,1.0,3.74
,Cotton stalk crop-residue,KOH,Microporous,396.3,2087.0,0.872,0.768,59.55,1.53,2.27,34.0,25.0,1.0,3.85
,Cotton stalk crop-residue,KOH,Microporous,459.6,2438.0,1.212,0.727,64.74,2.47,0.31,31.97,25.0,1.0,3.22
,Cotton stalk crop-residue,KOH,Microporous,433.0,1897.0,0.744,0.706,65.56,3.37,1.87,26.32,0.0,1.0,4.88
,Cotton stalk crop-residue,KOH,Microporous,425.0,1787.0,0.806,0.622,73.0,2.27,2.04,20.47,0.0,1.0,5.96
,Cotton stalk crop-residue,KOH,Microporous,443.7,1706.0,0.777,0.598,66.16,1.98,1.33,29.05,0.0,1.0,5.85
,Cotton stalk crop-residue,KOH,Microporous,437.5,1853.0,0.785,0.646,61.64,2.61,2.74,30.29,0.0,1.0,5.8
,Cotton stalk crop-residue,KOH,Microporous,345.4,2087.0,0.872,0.768,59.55,1.53,2.27,34.0,0.0,1.0,6.23
,Cotton stalk crop-residue,KOH,Microporous,383.9,2438.0,1.212,0.727,64.74,2.47,0.31,31.97,0.0,1.0,5.22
